{
    "type_accuracy": 0.972972972972973,
    "wing_accuracy": 0.9419419419419419,
    "features_used": 80,
    "samples_count": 999,
    "timestamp": "20250528_164507",
    "model_file": "model_20250528_164507.joblib"
}